{"dz": 0.30303030303030304, "N": 100, "pile_D": 0.6, "pile_C": 1.8849555921538759, "P_over_AEp": 0.0001818913635335947, "Q_ult_over_AEp": 0.0003553578929783777, "tau_ult_over_AEp": [9.829482776815471e-08, 1.9658965553630943e-07, 2.9488448330446415e-07, 3.9317931107261885e-07, 4.914741388407736e-07, 5.897689666089282e-07, 6.880637943770828e-07, 7.863586221452375e-07, 8.846534499133922e-07, 9.82948277681547e-07, 1.0431822307543948e-06, 1.1034161838272427e-06, 1.1636501369000906e-06, 1.2238840899729385e-06, 1.2841180430457864e-06, 1.3443519961186343e-06, 1.4045859491914822e-06, 1.46481990226433e-06, 1.5250538553371778e-06, 1.5852878084100255e-06, 1.6455217614828732e-06, 1.705755714555721e-06, 1.7659896676285688e-06, 1.8262236207014167e-06, 1.8864575737742646e-06, 1.946691526847112e-06, 2.0069254799199595e-06, 2.0671594329928074e-06, 2.1273933860656553e-06, 2.1876273391385032e-06, 2.2478612922113507e-06, 2.3080952452841986e-06, 2.3683291983570465e-06, 2.428563151429894e-06, 2.488797104502742e-06, 2.5490310575755894e-06, 2.6092650106484373e-06, 2.669498963721285e-06, 2.729732916794133e-06, 2.7899668698669805e-06, 2.8502008229398284e-06, 6.2701662234184534e-06, 6.413732547059705e-06, 6.557298870700956e-06, 6.7008651943422075e-06, 6.84443151798346e-06, 6.987997841624711e-06, 7.131564165265962e-06, 7.275130488907215e-06, 7.418696812548466e-06, 7.562263136189717e-06, 7.70582945983097e-06, 7.849395783472221e-06, 7.992962107113473e-06, 8.136528430754725e-06, 8.280094754395975e-06, 8.423661078037227e-06, 8.567227401678479e-06, 8.710793725319731e-06, 8.854360048960981e-06, 8.997926372602235e-06, 9.141492696243485e-06, 9.285059019884737e-06, 9.428625343525989e-06, 9.57219166716724e-06, 9.715757990808491e-06, 9.859324314449745e-06, 1.0002890638090995e-05, 1.0146456961732247e-05, 1.0290023285373499e-05, 1.043358960901475e-05, 1.0577155932656e-05, 1.0720722256297254e-05, 1.0864288579938505e-05, 1.1007854903579756e-05, 1.1151421227221008e-05, 1.1294987550862259e-05, 1.143855387450351e-05, 1.1582120198144762e-05, 1.1725686521786014e-05, 1.1869252845427265e-05, 1.2012819169068516e-05, 1.2156385492709768e-05, 1.2299951816351019e-05, 1.2443518139992269e-05, 1.2587084463633519e-05, 1.273065078727477e-05, 1.287421711091602e-05, 1.301778343455727e-05, 1.316134975819852e-05, 1.3304916081839772e-05, 1.3448482405481022e-05, 1.359204872912227e-05, 1.373561505276352e-05, 1.3879181376404771e-05, 1.4022747700046023e-05, 1.4166314023687273e-05, 1.4309880347328522e-05, 1.4453446670969772e-05], "tau_limits_over_AEp": [4.830226209392125e-06, 4.830226209392125e-06, 4.830226209392125e-06, 4.830226209392125e-06, 4.830226209392125e-06, 4.830226209392125e-06, 4.830226209392125e-06, 4.830226209392125e-06, 4.830226209392125e-06, 4.830226209392125e-06, 4.830226209392125e-06, 4.830226209392125e-06, 4.830226209392125e-06, 4.830226209392125e-06, 4.830226209392125e-06, 4.830226209392125e-06, 4.830226209392125e-06, 4.830226209392125e-06, 4.830226209392125e-06, 4.830226209392125e-06, 4.830226209392125e-06, 4.830226209392125e-06, 4.830226209392125e-06, 4.830226209392125e-06, 4.830226209392125e-06, 4.830226209392125e-06, 4.830226209392125e-06, 4.830226209392125e-06, 4.830226209392125e-06, 4.830226209392125e-06, 4.830226209392125e-06, 4.830226209392125e-06, 4.830226209392125e-06, 4.830226209392125e-06, 4.830226209392125e-06, 4.830226209392125e-06, 4.830226209392125e-06, 4.830226209392125e-06, 4.830226209392125e-06, 4.830226209392125e-06, 4.830226209392125e-06, 9.700872721791717e-06, 9.700872721791717e-06, 9.700872721791717e-06, 9.700872721791717e-06, 9.700872721791717e-06, 9.700872721791717e-06, 9.700872721791717e-06, 9.700872721791717e-06, 9.700872721791717e-06, 9.700872721791717e-06, 9.700872721791717e-06, 9.700872721791717e-06, 9.700872721791717e-06, 9.700872721791717e-06, 9.700872721791717e-06, 9.700872721791717e-06, 9.700872721791717e-06, 9.700872721791717e-06, 9.700872721791717e-06, 9.700872721791717e-06, 9.700872721791717e-06, 9.700872721791717e-06, 9.700872721791717e-06, 9.700872721791717e-06, 9.700872721791717e-06, 9.700872721791717e-06, 9.700872721791717e-06, 9.700872721791717e-06, 9.700872721791717e-06, 9.700872721791717e-06, 9.700872721791717e-06, 9.700872721791717e-06, 9.700872721791717e-06, 9.700872721791717e-06, 9.700872721791717e-06, 9.700872721791717e-06, 9.700872721791717e-06, 9.700872721791717e-06, 9.700872721791717e-06, 9.700872721791717e-06, 9.700872721791717e-06, 9.700872721791717e-06, 9.700872721791717e-06, 9.700872721791717e-06, 9.700872721791717e-06, 9.700872721791717e-06, 9.700872721791717e-06, 9.700872721791717e-06, 9.700872721791717e-06, 9.700872721791717e-06, 9.700872721791717e-06, 9.700872721791717e-06, 9.700872721791717e-06, 9.700872721791717e-06, 9.700872721791717e-06, 9.700872721791717e-06, 9.700872721791717e-06, 9.700872721791717e-06], "Q_limit_over_AEp": 0.0010105075751866372}